{"Loss": 0.10808637365698814, "_runtime": 110, "_timestamp": 1632658982, "_step": 399, "Val Loss": 0.07232950627803802, "Acc": 10.100000000000001, "Val ACC": 0.0, "_wandb": {"runtime": 110}}