{"Loss": 0.12409716099500656, "_runtime": 443, "_timestamp": 1632658866, "_step": 399, "Val Loss": 0.08431193977594376, "Acc": 10.05, "Val ACC": 0.0, "_wandb": {"runtime": 441}}